train/loss,train/epoch,train/grad_norm,train/global_step,train/learning_rate,_step,_runtime,_timestamp
2.0338,0.0022662889518413596,0.8486219644546509,1,0.0,0,21.450458686,1773668167.7828536
1.9056,0.004532577903682719,0.6249291300773621,2,4e-05,1,31.696463543,1773668178.028742
2.0408,0.018130311614730877,0.9695615768432617,8,0.00019959798994974876,7,88.361670211,1773668234.694063
1.6214,0.020396600566572238,0.7069964408874512,9,0.00019939698492462313,8,97.43111769,1773668243.7636108
1.4007,0.0226628895184136,0.7166701555252075,10,0.0001991959798994975,9,106.713213832,1773668253.0457067
1.1769,0.027195467422096317,0.9277954697608948,12,0.00019879396984924622,11,122.937655869,1773668269.2701643
0.7796,0.0339943342776204,0.7733781337738037,15,0.00019819095477386937,14,151.641577367,1773668297.9740615
0.5529,0.038526912181303115,0.75465989112854,17,0.0001977889447236181,16,169.138695182,1773668315.4710119
0.5438,0.040793201133144476,0.684100866317749,18,0.00019758793969849249,17,178.992397869,1773668325.3247766
0.4388,0.0453257790368272,0.6820720434188843,20,0.0001971859296482412,19,196.290649167,1773668342.6231632
0.253,0.06345609065155808,0.49435657262802124,28,0.0001955778894472362,27,273.153163442,1773668419.4856353
0.3003,0.06572237960339944,0.6496861577033997,29,0.00019537688442211056,28,281.976771398,1773668428.309234
0.2562,0.07025495750708215,0.6363276243209839,31,0.0001949748743718593,30,300.312024287,1773668446.6445134
0.2446,0.07252124645892351,0.4057081937789917,32,0.00019477386934673368,31,308.884126766,1773668455.2165082
0.3959,0.07705382436260623,0.47075048089027405,34,0.00019437185929648243,33,327.380487761,1773668473.712806
0.2657,0.09518413597733712,0.24785928428173065,42,0.0001927638190954774,41,407.484164731,1773668553.816537
0.2133,0.09745042492917846,0.33270880579948425,43,0.00019256281407035178,42,418.912687601,1773668565.2451723
0.1982,0.09971671388101983,0.3337087035179138,44,0.00019236180904522613,43,428.445186288,1773668574.7774825
0.2364,0.10198300283286119,0.3376254439353943,45,0.0001921608040201005,44,437.679708893,1773668584.0121915
0.2155,0.10424929178470255,0.2674659788608551,46,0.0001919597989949749,45,447.282322203,1773668593.6146567
0.2491,0.10651558073654391,0.2913888394832611,47,0.00019175879396984925,46,458.391286068,1773668604.7237613
0.164,0.10878186968838527,0.23993045091629028,48,0.00019155778894472362,47,468.232078129,1773668614.5644562
0.1784,0.11104815864022663,0.31364330649375916,49,0.000191356783919598,48,477.069231119,1773668623.4017293
0.3314,0.12011331444759207,0.2622261345386505,53,0.00019055276381909548,52,516.155520757,1773668662.487691
0.2805,0.12464589235127478,0.32443374395370483,55,0.00019015075376884423,54,536.0568352,1773668682.3892052
0.2185,0.12691218130311616,0.36676210165023804,56,0.0001899497487437186,55,545.722919032,1773668692.055247
0.211,0.13371104815864024,0.25382038950920105,59,0.00018934673366834172,58,577.13600489,1773668723.4685047
0.2272,0.13824362606232293,0.30123960971832275,61,0.00018894472361809047,60,595.6768973,1773668742.0093744
0.1545,0.1405099150141643,0.2739749848842621,62,0.00018874371859296481,61,604.412162682,1773668750.744639
0.1929,0.14730878186968838,0.21660013496875763,65,0.00018814070351758793,64,636.273534956,1773668782.606015
0.1853,0.1518413597733711,0.20469580590724945,67,0.0001877386934673367,66,655.551097651,1773668801.8835473
0.1827,0.15410764872521246,0.24054747819900513,68,0.00018753768844221108,67,665.418294256,1773668811.750583
0.2059,0.15864022662889518,0.2792122960090637,70,0.0001871356783919598,69,683.125009447,1773668829.457497
0.2187,0.16770538243626062,0.2937578558921814,74,0.0001863316582914573,73,721.123863402,1773668867.4563005
0.2624,0.16997167138810199,0.2605651319026947,75,0.0001861306532663317,74,731.943142512,1773668878.2754266
0.2008,0.1745042492917847,0.48533982038497925,77,0.0001857286432160804,76,750.838889425,1773668897.1712658
0.2189,0.17677053824362607,0.2607486844062805,78,0.00018552763819095478,77,760.630307478,1773668906.9626248
0.1084,0.17903682719546743,0.232254758477211,79,0.00018532663316582915,78,769.328893129,1773668915.6613667
0.1781,0.1858356940509915,0.2495325654745102,82,0.00018472361809045227,81,795.318289854,1773668941.6507072
0.1856,0.19036827195467423,0.256327360868454,84,0.00018432160804020102,83,813.320873177,1773668959.6531644
0.1362,0.19263456090651557,0.24079002439975739,85,0.0001841206030150754,84,823.14991483,1773668969.482414
0.2019,0.19490084985835693,0.3197171986103058,86,0.00018391959798994977,85,831.403409943,1773668977.7356815
0.2324,0.1971671388101983,0.29309967160224915,87,0.0001837185929648241,86,840.356373115,1773668986.6887124
0.1838,0.201699716713881,0.2958030104637146,89,0.00018331658291457288,88,858.904424289,1773669005.2366712
0.1661,0.20396600566572237,0.2722366452217102,90,0.00018311557788944723,89,867.917793755,1773669014.2501678
0.1656,0.20623229461756373,0.247992143034935,91,0.0001829145728643216,90,877.373079373,1773669023.7054741
0.1518,0.2084985835694051,0.28348350524902344,92,0.000182713567839196,91,885.619789643,1773669031.9522836
0.179,0.21529745042492918,0.22668267786502838,95,0.0001821105527638191,94,912.91719225,1773669059.249701
0.1967,0.21756373937677054,0.30125439167022705,96,0.0001819095477386935,95,922.556250369,1773669068.8887377
0.2208,0.22662889518413598,0.3057807981967926,100,0.00018110552763819096,99,960.492968992,1773669106.8252885
0.1428,0.23342776203966006,0.23376215994358063,103,0.00018050251256281408,102,991.980115783,1773669138.3125033
0.2064,0.23796033994334279,0.3200039267539978,105,0.00018010050251256282,104,1013.369188943,1773669159.7016912
0.185,0.2424929178470255,0.2740740478038788,107,0.00017969849246231157,106,1034.186087723,1773669180.518581
0.206,0.2470254957507082,0.28508076071739197,109,0.00017929648241206032,108,1053.762538867,1773669200.09502
0.1623,0.24929178470254956,0.20214363932609558,110,0.0001790954773869347,109,1063.714663432,1773669210.047161
0.1599,0.25609065155807365,0.26813966035842896,113,0.0001784924623115578,112,1091.944974212,1773669238.2774603
0.1787,0.2696883852691218,0.20584321022033691,119,0.00017728643216080402,118,1155.41015544,1773669301.7426734
0.2124,0.2719546742209632,0.2277260422706604,120,0.0001770854271356784,119,1166.01168164,1773669312.3439703
0.1259,0.27422096317280453,0.19219057261943817,121,0.0001768844221105528,120,1175.210627362,1773669321.5429206
0.1576,0.27875354107648725,0.19628538191318512,123,0.0001764824120603015,122,1195.029013352,1773669341.361335
0.1324,0.28328611898017,0.19018328189849854,125,0.00017608040201005026,124,1214.525813322,1773669360.8583121
0.1778,0.29008498583569403,0.21287153661251068,128,0.00017547738693467338,127,1245.548699851,1773669391.8812034
0.1377,0.3036827195467422,0.22250141203403473,134,0.00017427135678391961,133,1299.225965373,1773669445.5584466
0.1577,0.3104815864022663,0.2887575626373291,137,0.0001736683417085427,136,1328.697221332,1773669475.0295677
0.1111,0.31274787535410764,0.16061337292194366,138,0.0001734673366834171,137,1339.884378332,1773669486.2167602
0.0986,0.31954674220963175,0.1629870980978012,141,0.0001728643216080402,140,1372.621923109,1773669518.9542038
0.2373,0.3240793201133145,0.249986469745636,143,0.00017246231155778897,142,1393.655574895,1773669539.988062
0.1985,0.3263456090651558,0.2838101089000702,144,0.00017226130653266332,143,1403.873398014,1773669550.205732
0.1657,0.33087818696883853,0.23209111392498016,146,0.00017185929648241206,145,1422.20290014,1773669568.5352557
0.1744,0.33541076487252125,0.2253979742527008,148,0.0001714572864321608,147,1441.444956077,1773669587.777436
0.1866,0.33994334277620397,0.2400730848312378,150,0.00017105527638190955,149,1461.999502624,1773669608.3318803
0.1954,0.3422096317280453,0.21729791164398193,151,0.00017085427135678393,150,1472.609546407,1773669618.9420621
0.129,0.3490084985835694,0.1708749681711197,154,0.00017025125628140705,153,1502.805901135,1773669649.1381266
0.1327,0.35354107648725214,0.18894346058368683,156,0.0001698492462311558,155,1524.709108661,1773669671.0416088
0.1389,0.35807365439093486,0.1921539157629013,158,0.0001694472361809045,157,1542.032609794,1773669688.3650773
0.1673,0.3626062322946176,0.2077939212322235,160,0.00016904522613065328,159,1561.338681822,1773669707.6710548
0.2281,0.3671388101983003,0.29778340458869934,162,0.000168643216080402,161,1582.623179022,1773669728.9554787
0.2295,0.36940509915014164,0.3205084204673767,163,0.0001684422110552764,162,1591.839601489,1773669738.1721027
0.176,0.3784702549575071,0.24427556991577148,167,0.0001676381909547739,166,1629.077903183,1773669775.4103768
0.1185,0.38073654390934847,0.24316857755184174,168,0.00016743718592964827,167,1638.160675815,1773669784.4930503
0.1423,0.38526912181303113,0.2414955496788025,170,0.00016703517587939699,169,1655.888040538,1773669802.2205215
0.194,0.3875354107648725,0.235503688454628,171,0.00016683417085427136,170,1667.750467387,1773669814.0828497
0.1191,0.39206798866855525,0.2299250066280365,173,0.0001664321608040201,172,1686.815447916,1773669833.1477356
0.1965,0.39660056657223797,0.27170202136039734,175,0.00016603015075376885,174,1706.414391459,1773669852.746773
0.1473,0.4011331444759207,0.24453745782375336,177,0.0001656281407035176,176,1725.836828358,1773669872.1692986
0.1482,0.403399433427762,0.21791581809520721,178,0.00016542713567839197,177,1735.38127323,1773669881.7136624
0.1096,0.41019830028328613,0.19946017861366272,181,0.0001648241206030151,180,1764.391290651,1773669910.723789
0.1285,0.41473087818696885,0.20811226963996887,183,0.0001644221105527638,182,1782.796261882,1773669929.1285944
0.1222,0.4215297450424929,0.19503174722194672,186,0.00016381909547738695,185,1812.874489866,1773669959.206887
0.1262,0.428328611898017,0.2073013335466385,189,0.00016321608040201007,188,1842.877402136,1773669989.20991
0.1471,0.43286118980169974,0.23606012761592865,191,0.0001628140703517588,190,1863.152173401,1773670009.484558
0.1591,0.4396600566572238,0.22975526750087738,194,0.0001622110552763819,193,1891.218713759,1773670037.5511978
0.1409,0.44192634560906513,0.23196884989738464,195,0.00016201005025125628,194,1899.90490131,1773670046.2370677
0.0882,0.4441926345609065,0.19632472097873688,196,0.00016180904522613066,195,1908.717723268,1773670055.050201
0.1191,0.4509915014164306,0.20952095091342926,199,0.00016120603015075378,198,1938.382523528,1773670084.7149265
0.1738,0.4577903682719547,0.21463528275489807,202,0.0001606030150753769,201,1971.633592982,1773670117.9659991
0.1712,0.460056657223796,0.22238686680793762,203,0.00016040201005025127,202,1980.934842305,1773670127.2671626
0.2071,0.4623229461756374,0.23404043912887573,204,0.00016020100502512564,203,1990.026912547,1773670136.3594003
0.1237,0.46912181303116146,0.22887881100177765,207,0.00015959798994974876,206,2016.608972089,1773670162.9414527
0.1159,0.4736543909348442,0.16486385464668274,209,0.0001591959798994975,208,2034.352425393,1773670180.6847875
0.1744,0.47592067988668557,0.223991259932518,210,0.00015899497487437188,209,2044.012609013,1773670190.3449273
0.1856,0.484985835694051,0.21857281029224396,214,0.00015819095477386937,213,2084.077360648,1773670230.4098306
0.1259,0.48725212464589235,0.15941773355007172,215,0.00015798994974874372,214,2095.417405489,1773670241.7498944
0.2057,0.48951841359773374,0.233991339802742,216,0.0001577889447236181,215,2104.23068768,1773670250.5630753
0.1678,0.4940509915014164,0.2601839005947113,218,0.00015738693467336686,217,2122.73491643,1773670269.0672705
0.2457,0.4963172804532578,0.23761937022209167,219,0.0001571859296482412,218,2133.401009769,1773670279.733381
0.144,0.4985835694050991,0.2120959758758545,220,0.00015698492462311558,219,2142.012500034,1773670288.3448892
0.1693,0.5008498583569405,0.21487979590892792,221,0.00015678391959798995,220,2151.215838414,1773670297.5481026
0.1342,0.5053824362606232,0.2245890349149704,223,0.0001563819095477387,222,2169.067941775,1773670315.400424
0.1343,0.5121813031161473,0.22943760454654694,226,0.00015577889447236182,225,2199.5899642,1773670345.9224622
0.1072,0.5189801699716714,0.22295896708965302,229,0.00015517587939698494,228,2229.024289032,1773670375.356448
0.1496,0.5235127478753541,0.18990209698677063,231,0.00015477386934673368,230,2247.96103167,1773670394.2935102
0.1057,0.5257790368271955,0.18617083132266998,232,0.00015457286432160806,231,2259.258678055,1773670405.5910516
0.1629,0.5280453257790368,0.21733936667442322,233,0.0001543718592964824,232,2268.605942981,1773670414.9382133
0.1597,0.5303116147308782,0.23350244760513306,234,0.0001541708542713568,233,2277.568214042,1773670423.9006681
0.1571,0.5325779036827195,0.2508409023284912,235,0.00015396984924623117,234,2285.732458345,1773670432.0649383
0.1451,0.5371104815864023,0.18200603127479553,237,0.0001535678391959799,236,2304.993637484,1773670451.3260279
0.1623,0.541643059490085,0.30717727541923523,239,0.00015316582914572867,238,2325.322593877,1773670471.6551187
0.1459,0.5461756373937677,0.17539618909358978,241,0.00015276381909547739,240,2344.112417562,1773670490.444693
0.1203,0.5484419263456091,0.21414563059806824,242,0.00015256281407035176,241,2352.779713913,1773670499.1121898
0.12,0.5507082152974504,0.20294277369976044,243,0.00015236180904522613,242,2361.756084255,1773670508.0884697
0.1219,0.5552407932011332,0.19207268953323364,245,0.00015195979899497488,244,2382.319769627,1773670528.6521208
0.1431,0.5620396600566572,0.22946582734584808,248,0.000151356783919598,247,2410.589870336,1773670556.9221873
0.1811,0.5643059490084986,0.26045724749565125,249,0.00015115577889447237,248,2420.83067678,1773670567.1630766
0.2692,0.56657223796034,0.3255435526371002,250,0.00015095477386934674,249,2429.73658832,1773670576.0689774
0.1412,0.5711048158640226,0.19176438450813293,252,0.0001505527638190955,251,2452.359865114,1773670598.6922143
0.1178,0.5756373937677054,0.20389209687709808,254,0.00015015075376884423,253,2470.270408402,1773670616.6027865
0.1558,0.5869688385269122,0.24268899857997894,259,0.0001491457286432161,258,2513.058053768,1773670659.3905404
0.1739,0.5892351274787535,0.2630883455276489,260,0.00014894472361809047,259,2522.292423897,1773670668.6247404
0.1522,0.591501416430595,0.2084381878376007,261,0.00014874371859296482,260,2531.616554951,1773670677.948933
0.1696,0.5937677053824363,0.22056148946285248,262,0.0001485427135678392,261,2542.041043753,1773670688.3733332
0.2124,0.6028328611898017,0.19625478982925415,266,0.00014773869346733668,265,2585.42317673,1773670731.7556648
0.1014,0.6118980169971672,0.174080491065979,270,0.00014693467336683417,269,2624.787744808,1773670771.120231
0.2069,0.6141643059490085,0.24998918175697327,271,0.00014673366834170855,270,2634.304912069,1773670780.6374142
0.0932,0.6186968838526912,0.18681129813194275,273,0.0001463316582914573,272,2653.285434574,1773670799.6179454
0.0965,0.6209631728045326,0.15310987830162048,274,0.00014613065326633167,273,2663.901213787,1773670810.2337017
0.1199,0.623229461756374,0.22434866428375244,275,0.00014592964824120604,274,2673.256094614,1773670819.5885842
0.1393,0.6277620396600566,0.1707528829574585,277,0.00014552763819095479,276,2694.670413084,1773670841.0028846
0.1757,0.6345609065155807,0.24870768189430237,280,0.0001449246231155779,279,2722.820029531,1773670869.1525111
0.1449,0.6413597733711048,0.20152731239795685,283,0.000144321608040201,282,2750.883353196,1773670897.2158341
0.1288,0.6436260623229462,0.19860215485095978,284,0.00014412060301507537,283,2759.446346388,1773670905.7788382
0.1306,0.648158640226629,0.19166655838489532,286,0.00014371859296482411,285,2777.937108014,1773670924.2696073
0.1383,0.6617563739376771,0.19658228754997253,292,0.00014251256281407035,291,2834.354582344,1773670980.687074
0.1598,0.6640226628895184,0.21023957431316376,293,0.00014231155778894473,292,2843.348588762,1773670989.681078
0.1553,0.6662889518413597,0.21270175278186798,294,0.0001421105527638191,293,2855.06003937,1773671001.392527
0.1818,0.6821529745042493,0.2390337586402893,301,0.0001407035175879397,300,2932.120504605,1773671078.4529927
0.133,0.686685552407932,0.1871318817138672,303,0.00014030150753768846,302,2951.069503804,1773671097.401986
0.1311,0.6889518413597734,0.20729663968086243,304,0.0001401005025125628,303,2961.226478597,1773671107.5589564
0.1641,0.6912181303116147,0.24433551728725433,305,0.0001398994974874372,304,2971.533725892,1773671117.8662002
0.141,0.7070821529745043,0.25349029898643494,312,0.00013849246231155778,311,3040.292012411,1773671186.6245205
0.1172,0.7116147308781869,0.190921813249588,314,0.00013809045226130656,313,3059.546484582,1773671205.8788736
0.1363,0.718413597733711,0.20206114649772644,317,0.00013748743718592965,316,3087.452821251,1773671233.7853134
0.097,0.7206798866855524,0.1524861752986908,318,0.00013728643216080402,317,3098.499251986,1773671244.8317435
0.1589,0.7229461756373937,0.21598473191261292,319,0.0001370854271356784,318,3108.909271158,1773671255.241657
0.1554,0.7274787535410765,0.22439847886562347,321,0.00013668341708542714,320,3126.653243946,1773671272.9855874
0.134,0.7297450424929178,0.2116870880126953,322,0.00013648241206030151,321,3135.189897032,1773671281.5223012
0.1113,0.7320113314447592,0.15935750305652618,323,0.0001362814070351759,322,3146.094200527,1773671292.4265556
0.1219,0.7342776203966006,0.2029283195734024,324,0.00013608040201005026,323,3154.474672075,1773671300.8069682
0.1332,0.7365439093484419,0.19535334408283234,325,0.00013587939698492463,324,3163.317558785,1773671309.6499398
0.129,0.7388101983002833,0.15949082374572754,326,0.000135678391959799,325,3176.155929333,1773671322.4883173
0.1195,0.7410764872521246,0.1910487413406372,327,0.00013547738693467338,326,3185.102101333,1773671331.4339917
0.118,0.743342776203966,0.17380984127521515,328,0.00013527638190954775,327,3194.725285367,1773671341.05759
0.1501,0.75014164305949,0.24867670238018036,331,0.00013467336683417087,330,3222.172637584,1773671368.5049388
0.1678,0.7546742209631728,0.2393743097782135,333,0.0001342713567839196,332,3240.601845817,1773671386.934243
0.1689,0.7569405099150142,0.2078523188829422,334,0.00013407035175879396,333,3250.990841329,1773671397.3232236
0.2127,0.7660056657223796,0.3007938265800476,338,0.00013326633165829146,337,3289.338121404,1773671435.6704915
0.1044,0.7728045325779037,0.20519854128360748,341,0.00013266331658291457,340,3317.056793517,1773671463.3891816
0.1433,0.775070821529745,0.201917365193367,342,0.00013246231155778895,341,3328.503669991,1773671474.8360326
0.1036,0.7818696883852692,0.16344456374645233,345,0.00013185929648241207,344,3358.237007497,1773671504.569488
0.2353,0.7864022662889518,0.3543611168861389,347,0.0001314572864321608,346,3375.543588574,1773671521.8759897
0.1382,0.8,0.2569541037082672,353,0.00013025125628140705,352,3434.32812479,1773671580.6606083
0.1326,0.8022662889518414,0.1842721402645111,354,0.0001300502512562814,353,3443.199760372,1773671589.5321364
0.1681,0.8045325779036827,0.22661978006362915,355,0.00012984924623115577,354,3453.988560758,1773671600.3208718
0.0786,0.8113314447592068,0.15902596712112427,358,0.0001292462311557789,357,3485.037049693,1773671631.3695345
0.1717,0.8135977337110482,0.18863599002361298,359,0.00012904522613065326,358,3496.163658184,1773671642.4960308
0.1477,0.8181303116147309,0.23218177258968353,361,0.000128643216080402,360,3513.74554457,1773671660.0780363
0.1328,0.8203966005665723,0.21878410875797272,362,0.00012844221105527638,361,3523.0534727,1773671669.3858457
0.1636,0.8226628895184136,0.2932794988155365,363,0.00012824120603015075,362,3531.798958113,1773671678.131319
0.1377,0.8249291784702549,0.20575493574142456,364,0.00012804020100502515,363,3540.543326409,1773671686.875825
0.1042,0.8271954674220963,0.17147333920001984,365,0.0001278391959798995,364,3552.175548156,1773671698.5079165
0.1528,0.831728045325779,0.21824291348457336,367,0.00012743718592964824,366,3571.096498646,1773671717.4289072
0.1072,0.8385269121813032,0.1994248777627945,370,0.00012683417085427136,369,3601.064519176,1773671747.3969202
0.1609,0.8407932011331445,0.23196662962436676,371,0.00012663316582914574,370,3611.005048434,1773671757.337434
0.132,0.8453257790368272,0.23225201666355133,373,0.00012623115577889448,372,3629.391610852,1773671775.7239995
0.1247,0.8521246458923513,0.21829558908939362,376,0.0001256281407035176,375,3657.763098115,1773671804.0954483
0.2362,0.8611898016997167,0.31035086512565613,380,0.00012482412060301507,379,3696.253831555,1773671842.5860183
0.0993,0.8657223796033995,0.19741496443748474,382,0.00012442211055276384,381,3714.990551019,1773671861.3230412
0.0887,0.8679886685552408,0.16589049994945526,383,0.00012422110552763818,382,3725.179367093,1773671871.5118477
0.1504,0.8702549575070821,0.21014828979969025,384,0.00012402010050251256,383,3734.312446729,1773671880.6448362
0.1152,0.8747875354107649,0.1788465827703476,386,0.0001236180904522613,385,3753.288793351,1773671899.6212924
0.1263,0.8838526912181303,0.22520297765731812,390,0.0001228140703517588,389,3790.792087355,1773671937.1245701
0.1377,0.8861189801699717,0.20112869143486023,391,0.00012261306532663317,390,3801.312615413,1773671947.6449995
0.2098,0.8929178470254957,0.2338806390762329,394,0.00012201005025125629,393,3831.318219367,1773671977.6505866
0.1308,0.8997167138810198,0.2080155313014984,397,0.00012140703517587942,396,3858.025270283,1773672004.3576128
0.1786,0.9042492917847026,0.24073560535907745,399,0.00012100502512562815,398,3876.744953289,1773672023.077229
0.1026,0.9087818696883853,0.18616098165512085,401,0.00012060301507537688,400,3896.532322808,1773672042.864582
0.1544,0.9110481586402266,0.19924646615982056,402,0.00012040201005025127,401,3906.836300323,1773672053.1687753
0.1545,0.9178470254957507,0.22722677886486053,405,0.00011979899497487436,404,3936.11392231,1773672082.4463792
0.109,0.920113314447592,0.16194488108158112,406,0.00011959798994974876,405,3944.779366891,1773672091.111817
0.2344,0.9223796033994335,0.26487550139427185,407,0.00011939698492462312,406,3955.566061691,1773672101.8984315
0.1152,0.9246458923512748,0.17704856395721436,408,0.0001191959798994975,407,3965.209766685,1773672111.542242
0.0948,0.9314447592067989,0.1920066922903061,411,0.00011859296482412061,410,3994.314234968,1773672140.6466174
0.1297,0.9359773371104816,0.1947716623544693,413,0.00011819095477386935,412,4011.599608914,1773672157.932099
0.1438,0.9382436260623229,0.19395966827869415,414,0.00011798994974874373,413,4020.91412226,1773672167.2465997
0.1261,0.9405099150141643,0.23436595499515533,415,0.0001177889447236181,414,4028.798859808,1773672175.1313572
0.088,0.9427762039660057,0.1737734079360962,416,0.00011758793969849247,415,4038.096603834,1773672184.4289832
0.172,0.9495750708215297,0.24000951647758484,419,0.00011698492462311558,418,4065.993696837,1773672212.3261008
0.126,0.9563739376770538,0.22913816571235657,422,0.00011638190954773872,421,4093.951193017,1773672240.2835712
0.1699,0.9586402266288951,0.2592918872833252,423,0.00011618090452261308,422,4103.946724953,1773672250.2790992
0.112,0.9609065155807366,0.1715538501739502,424,0.00011597989949748745,423,4113.009175225,1773672259.3415575
0.0896,0.9654390934844193,0.1778341382741928,426,0.00011557788944723618,425,4129.580527217,1773672275.9130106
0.2608,0.969971671388102,0.2683524787425995,428,0.00011517587939698493,427,4148.586927367,1773672294.9194112
0.177,0.9745042492917847,0.28007543087005615,430,0.00011477386934673366,429,4166.688972104,1773672313.0213468
0.2233,0.976770538243626,0.24271392822265625,431,0.00011457286432160806,430,4176.213340492,1773672322.545716
0.1134,0.9790368271954675,0.1923707276582718,432,0.00011437185929648242,431,4184.781592194,1773672331.1140788
0.1016,1.0,0.2543308138847351,442,0.00011236180904522614,441,4292.807392847,1773672439.1398745
0.0973,1.0045325779036827,0.1643253117799759,444,0.00011195979899497488,443,4312.187755517,1773672458.5201154
0.1012,1.006798866855524,0.16907738149166107,445,0.00011175879396984925,444,4322.681414309,1773672469.013773
0.1737,1.0090651558073653,0.2988568842411041,446,0.00011155778894472361,445,4332.060465177,1773672478.3928676
0.1711,1.0135977337110482,0.22117018699645996,448,0.00011115577889447237,447,4352.912753598,1773672499.2451088
0.1273,1.0203966005665723,0.1908734291791916,451,0.00011055276381909548,450,4379.769940354,1773672526.1024199
0.1194,1.0226628895184136,0.19446076452732086,452,0.00011035175879396986,451,4388.414252893,1773672534.7467127
0.1185,1.0271954674220962,0.16617237031459808,454,0.0001099497487437186,453,4409.168514316,1773672555.5009992
0.1105,1.0294617563739377,0.21844987571239471,455,0.00010974874371859296,454,4416.971421216,1773672563.3039017
0.0908,1.031728045325779,0.1989477276802063,456,0.00010954773869346736,455,4425.073954665,1773672571.4064765
0.0782,1.0339943342776203,0.15621410310268402,457,0.00010934673366834172,456,4435.86110472,1773672582.1935883
0.1075,1.0362606232294618,0.16575443744659424,458,0.00010914572864321609,457,4444.67392526,1773672591.0064194
0.0926,1.0385269121813032,0.15979042649269104,459,0.00010894472361809045,458,4454.333920167,1773672600.6664035
0.1142,1.0407932011331444,0.23949579894542694,460,0.00010874371859296483,459,4463.556864265,1773672609.889343
0.1257,1.045325779036827,0.19884346425533295,462,0.00010834170854271357,461,4481.977522212,1773672628.3100016
0.1381,1.0475920679886686,0.21617713570594788,463,0.00010814070351758794,462,4491.435278699,1773672637.7677846
0.0959,1.0611898016997168,0.16977326571941376,469,0.00010693467336683418,468,4549.964954288,1773672696.2974505
0.1173,1.0679886685552409,0.23327785730361938,472,0.00010633165829145728,471,4577.642167463,1773672723.9746494
0.1164,1.070254957507082,0.20002928376197815,473,0.00010613065326633167,472,4587.660608573,1773672733.9930856
0.0808,1.0861189801699718,0.1832202970981598,480,0.00010472361809045225,479,4649.888026368,1773672796.2205086
0.1191,1.088385269121813,0.18406306207180023,481,0.00010452261306532664,480,4660.093997511,1773672806.4264765
0.1304,1.0906515580736544,0.2279372215270996,482,0.00010432160804020101,481,4669.206632297,1773672815.539126
0.1149,1.0997167138810198,0.21853691339492798,486,0.0001035175879396985,485,4707.680486694,1773672854.0128953
0.0791,1.1019830028328612,0.15433526039123535,487,0.00010331658291457286,486,4718.052574217,1773672864.3849635
0.0958,1.1065155807365439,0.2844283878803253,489,0.00010291457286432162,488,4739.771914181,1773672886.1044245
0.1058,1.1110481586402265,0.2498268038034439,491,0.00010251256281407036,490,4757.278260301,1773672903.610747
0.1011,1.1223796033994335,0.21110042929649353,496,0.00010150753768844221,495,4804.316268146,1773672950.6487083
0.1169,1.1269121813031162,0.234503835439682,498,0.00010110552763819097,497,4826.820259094,1773672973.1527283
0.1292,1.1291784702549574,0.20358949899673462,499,0.00010090452261306533,498,4836.870434781,1773672983.202886
0.085,1.1405099150141642,0.20955656468868256,504,9.989949748743719e-05,503,4886.305688466,1773673032.6381416
0.1146,1.1427762039660057,0.1861998736858368,505,9.969849246231156e-05,504,4897.445672926,1773673043.7781591
0.1587,1.145042492917847,0.21081092953681946,506,9.949748743718594e-05,505,4906.23563345,1773673052.5681276
0.1328,1.1473087818696883,0.24741627275943756,507,9.929648241206031e-05,506,4914.406916839,1773673060.7394042
0.0957,1.1518413597733712,0.22031444311141968,509,9.889447236180906e-05,508,4932.847378011,1773673079.1798525
0.1386,1.1541076487252124,0.2625868618488312,510,9.869346733668342e-05,509,4941.847888554,1773673088.180356
0.196,1.1609065155807365,0.19029434025287628,513,9.809045226130655e-05,512,4973.780673194,1773673120.1131613
0.126,1.1677053824362607,0.21289686858654022,516,9.748743718592965e-05,515,5001.710194689,1773673148.0426757
0.1088,1.18356940509915,0.2298058718442917,523,9.608040201005025e-05,522,5066.668604555,1773673213.0009882
0.1153,1.1903682719546742,0.20771139860153198,526,9.547738693467337e-05,525,5098.117793195,1773673244.4502792
0.0802,1.1926345609065157,0.21244558691978455,527,9.527638190954774e-05,526,5106.803336441,1773673253.13583
0.0876,1.1994334277620395,0.2061862051486969,530,9.467336683417086e-05,529,5140.015494845,1773673286.347954
0.0795,1.201699716713881,0.22120614349842072,531,9.447236180904523e-05,530,5149.926363437,1773673296.258854
0.0864,1.2039660056657224,0.18888482451438904,532,9.427135678391961e-05,531,5159.337074401,1773673305.6695542
0.1378,1.2107648725212465,0.19735677540302277,535,9.366834170854271e-05,534,5188.183613833,1773673334.5159945
0.119,1.2130311614730878,0.2564562261104584,536,9.34673366834171e-05,535,5196.244010226,1773673342.5763843
0.1212,1.2198300283286119,0.22519776225090027,539,9.28643216080402e-05,538,5223.696739018,1773673370.0292149
0.0863,1.2220963172804533,0.18556877970695496,540,9.266331658291458e-05,539,5233.989315155,1773673380.321703
0.0908,1.2243626062322945,0.18576224148273468,541,9.246231155778895e-05,540,5244.344640879,1773673390.6769698
0.0992,1.226628895184136,0.18764661252498627,542,9.226130653266331e-05,541,5253.796972424,1773673400.129481
0.0987,1.2288951841359774,0.21152862906455994,543,9.20603015075377e-05,542,5262.8225153,1773673409.1550014
0.0931,1.2311614730878186,0.21568098664283752,544,9.185929648241206e-05,543,5273.338876668,1773673419.6713603
0.0977,1.2379603399433428,0.20959515869617462,547,9.125628140703519e-05,546,5301.560001815,1773673447.8925004
0.1283,1.2402266288951842,0.2373737394809723,548,9.105527638190955e-05,547,5310.342805135,1773673456.6752365
0.0798,1.2424929178470254,0.17624977231025696,549,9.085427135678392e-05,548,5320.139333548,1773673466.4717133
0.131,1.2470254957507083,0.22680820524692535,551,9.045226130653267e-05,550,5340.833589729,1773673487.1660764
0.1264,1.2492917847025495,0.20273053646087646,552,9.025125628140704e-05,551,5350.840719119,1773673497.173068
0.1603,1.251558073654391,0.27531203627586365,553,9.005025125628141e-05,552,5360.696261383,1773673507.0287447
0.0805,1.2538243626062324,0.19788925349712372,554,8.984924623115579e-05,553,5370.14345762,1773673516.4756932
0.094,1.2560906515580736,0.21153555810451508,555,8.964824120603016e-05,554,5379.54107426,1773673525.8735554
0.0991,1.258356940509915,0.17753593623638153,556,8.944723618090453e-05,555,5388.379922036,1773673534.7124016
0.1349,1.265155807365439,0.2132415920495987,559,8.884422110552765e-05,558,5416.823215239,1773673563.1555328
0.0811,1.2674220963172804,0.19953392446041107,560,8.864321608040201e-05,559,5425.022427463,1773673571.354909
0.1225,1.271954674220963,0.20744353532791138,562,8.824120603015076e-05,561,5445.127217821,1773673591.459709
0.1319,1.2787535410764872,0.20516638457775116,565,8.763819095477387e-05,564,5475.506442834,1773673621.8389304
0.0914,1.2855524079320113,0.19494634866714478,568,8.7035175879397e-05,567,5502.684654418,1773673649.0169485
0.1167,1.2878186968838528,0.22913098335266113,569,8.683417085427135e-05,568,5512.447588284,1773673658.7800698
0.1194,1.2923512747875354,0.1988918036222458,571,8.64321608040201e-05,570,5533.226006699,1773673679.5584779
0.0974,1.2991501416430595,0.17706604301929474,574,8.582914572864322e-05,573,5561.138272393,1773673707.4707544
0.0954,1.3082152974504249,0.21235507726669312,578,8.502512562814071e-05,577,5597.382364366,1773673743.7147486
0.1081,1.3104815864022663,0.18649226427078247,579,8.482412060301508e-05,578,5606.362537383,1773673752.6948147
0.1001,1.315014164305949,0.22515451908111572,581,8.442211055276383e-05,580,5622.912810739,1773673769.2450235
0.0947,1.321813031161473,0.20172123610973358,584,8.381909547738695e-05,583,5650.69227747,1773673797.0245721
0.0961,1.3286118980169972,0.2076393961906433,587,8.321608040201005e-05,586,5676.119548447,1773673822.4520273
0.0981,1.3308781869688384,0.21458429098129272,588,8.301507537688443e-05,587,5685.911892092,1773673832.2443717
0.1298,1.3354107648725213,0.24907353520393372,590,8.261306532663317e-05,589,5706.652054069,1773673852.9843457
0.0926,1.3444759206798866,0.19667990505695343,594,8.180904522613065e-05,593,5743.903258447,1773673890.235644
0.0974,1.3490084985835695,0.2047833502292633,596,8.14070351758794e-05,595,5763.294328621,1773673909.626697
0.1324,1.3535410764872522,0.24796730279922485,598,8.100502512562814e-05,597,5783.240079858,1773673929.5724435
0.0908,1.3580736543909349,0.19280162453651428,600,8.060301507537689e-05,599,5801.392143693,1773673947.7244918
0.0915,1.360339943342776,0.22639159858226776,601,8.040201005025126e-05,600,5811.84546244,1773673958.177776
0.0994,1.3626062322946175,0.16568051278591156,602,8.020100502512563e-05,601,5821.654986235,1773673967.987326
0.1059,1.364872521246459,0.2179131805896759,603,8e-05,602,5831.492535538,1773673977.8248727
0.1425,1.371671388101983,0.24736711382865906,606,7.939698492462313e-05,605,5859.574645964,1773674005.9069147
0.1,1.3739376770538243,0.17876401543617249,607,7.91959798994975e-05,606,5871.031544196,1773674017.3640194
0.086,1.3875354107648725,0.17127598822116852,613,7.798994974874372e-05,612,5926.908154281,1773674073.240644
0.0807,1.3898016997167137,0.1856713891029358,614,7.77889447236181e-05,613,5936.149708555,1773674082.4820824
0.112,1.3920679886685552,0.18586494028568268,615,7.758793969849247e-05,614,5946.787395289,1773674093.1197035
0.1036,1.3943342776203966,0.20087258517742157,616,7.738693467336684e-05,615,5957.449891675,1773674103.7822468
0.11,1.3988668555240793,0.20937132835388184,618,7.698492462311559e-05,617,5977.824872076,1773674124.157356
0.1123,1.4056657223796034,0.21352341771125793,621,7.638190954773869e-05,620,6003.597013201,1773674149.9293633
0.0675,1.4124645892351275,0.18890635669231415,624,7.577889447236181e-05,623,6034.435587046,1773674180.7680726
0.1055,1.4215297450424929,0.19423487782478333,628,7.49748743718593e-05,627,6073.500942536,1773674219.8332002
0.0773,1.4237960339943343,0.1908789426088333,629,7.477386934673368e-05,628,6082.230992259,1773674228.56328
0.0956,1.4260623229461755,0.19916442036628723,630,7.457286432160805e-05,629,6091.680500014,1773674238.012823
0.1098,1.428328611898017,0.20141412317752838,631,7.437185929648241e-05,630,6100.32777182,1773674246.6602557
0.0934,1.4328611898016996,0.19404597580432892,633,7.396984924623115e-05,632,6119.459142216,1773674265.7916265
0.1034,1.435127478753541,0.22761113941669464,634,7.376884422110553e-05,633,6127.338188304,1773674273.6706622
0.1641,1.4396600566572237,0.24756506085395813,636,7.336683417085427e-05,635,6146.362946751,1773674292.6954396
0.1127,1.4419263456090652,0.1997864842414856,637,7.316582914572865e-05,636,6155.574051448,1773674301.90654
0.1034,1.4487252124645893,0.2411550134420395,640,7.256281407035177e-05,639,6183.14641436,1773674329.4789002
0.095,1.4509915014164305,0.1773376613855362,641,7.236180904522614e-05,640,6193.880260526,1773674340.2127428
0.0711,1.4555240793201132,0.1813957840204239,643,7.195979899497488e-05,642,6211.562902524,1773674357.8953762
0.1689,1.4577903682719546,0.2761234939098358,644,7.175879396984924e-05,643,6220.773285366,1773674367.1055765
0.147,1.460056657223796,0.2588798403739929,645,7.155778894472363e-05,644,6230.348947498,1773674376.6812391
0.0906,1.4668555240793202,0.19381767511367798,648,7.095477386934674e-05,647,6260.218121664,1773674406.5506
0.1561,1.4736543909348443,0.26289603114128113,651,7.035175879396985e-05,650,6290.196631212,1773674436.5290017
0.0827,1.4759206798866855,0.18636023998260498,652,7.015075376884423e-05,651,6299.201687821,1773674445.5340593
0.098,1.4827195467422096,0.1873323917388916,655,6.954773869346733e-05,654,6329.128091282,1773674475.4605768
0.1079,1.4872521246458923,0.20120878517627716,657,6.914572864321608e-05,656,6347.138270296,1773674493.4706447
0.1108,1.4895184135977337,0.2255072146654129,658,6.894472361809045e-05,657,6357.255682298,1773674503.5881672
0.1118,1.491784702549575,0.19542638957500458,659,6.874371859296482e-05,658,6369.601704179,1773674515.9340498
0.1074,1.4940509915014164,0.20194055140018463,660,6.85427135678392e-05,659,6380.167560939,1773674526.4997807
0.082,1.498583569405099,0.19909614324569702,662,6.814070351758794e-05,661,6396.927050842,1773674543.2595038
0.1252,1.5008498583569405,0.21626512706279755,663,6.793969849246232e-05,662,6406.180833226,1773674552.5132043
0.0794,1.5053824362606232,0.18683263659477234,665,6.753768844221105e-05,664,6425.078696201,1773674571.4110584
0.096,1.5121813031161473,0.20191673934459686,668,6.693467336683418e-05,667,6454.575837407,1773674600.9080958
0.1446,1.5167138810198302,0.20823641121387482,670,6.653266331658293e-05,669,6476.779284029,1773674623.1116636
0.0853,1.5212464589235126,0.2140941172838211,672,6.613065326633166e-05,671,6493.951327014,1773674640.283825
0.0913,1.5280453257790367,0.21216800808906555,675,6.552763819095478e-05,674,6522.977897343,1773674669.3103695
0.0966,1.5325779036827196,0.20394322276115417,677,6.512562814070352e-05,676,6544.505664249,1773674690.8379943
0.0747,1.5348441926345608,0.19502770900726318,678,6.492462311557788e-05,677,6553.192370928,1773674699.5247288
0.0853,1.541643059490085,0.16258886456489563,681,6.4321608040201e-05,680,6583.890906971,1773674730.2232811
0.1073,1.5439093484419264,0.25393152236938477,682,6.412060301507538e-05,681,6592.795801971,1773674739.128162
0.1055,1.548441926345609,0.2278100550174713,684,6.371859296482412e-05,683,6610.639458697,1773674756.971831
0.1177,1.5507082152974503,0.2745912969112396,685,6.35175879396985e-05,684,6620.388473321,1773674766.7209513
0.1233,1.5529745042492917,0.2183988243341446,686,6.331658291457287e-05,685,6631.824384493,1773674778.1567826
0.1032,1.5620396600566573,0.21718773245811462,690,6.251256281407035e-05,689,6671.103188945,1773674817.435519
0.0807,1.5688385269121814,0.17196251451969147,693,6.190954773869348e-05,692,6697.241838576,1773674843.574049
0.1332,1.5824362606232296,0.24526861310005188,699,6.070351758793971e-05,698,6755.166902066,1773674901.499184
0.1237,1.5847025495750708,0.19379104673862457,700,6.0502512562814076e-05,699,6765.430777543,1773674911.7630153
0.0797,1.586968838526912,0.17824433743953705,701,6.030150753768844e-05,700,6776.528387321,1773674922.860895
0.1013,1.591501416430595,0.18682503700256348,703,5.989949748743718e-05,702,6796.401621635,1773674942.7340093
0.1062,1.5937677053824362,0.18259276449680328,704,5.969849246231156e-05,703,6805.459793725,1773674951.7921593
0.1189,1.5960339943342776,0.2394721806049347,705,5.949748743718593e-05,704,6815.129392769,1773674961.461894
0.0721,1.6005665722379603,0.17450381815433502,707,5.909547738693467e-05,706,6833.317785648,1773674979.6500525
0.1909,1.6028328611898017,0.25289154052734375,708,5.889447236180905e-05,707,6842.960875417,1773674989.2931652
0.1088,1.6050991501416432,0.2242254912853241,709,5.869346733668342e-05,708,6852.60058593,1773674998.9329634
0.0811,1.6073654390934844,0.16803930699825287,710,5.849246231155779e-05,709,6862.679261563,1773675009.0116005
0.0918,1.6096317280453256,0.18757382035255432,711,5.829145728643216e-05,710,6871.739473415,1773675018.0718484
0.0786,1.6164305949008497,0.18442347645759583,714,5.7688442211055284e-05,713,6899.804382301,1773675046.136885
0.1022,1.6232294617563738,0.2507050037384033,717,5.7085427135678396e-05,716,6929.628476108,1773675075.9608727
0.1023,1.630028328611898,0.220145121216774,720,5.6482412060301515e-05,719,6957.521779541,1773675103.8541489
0.0892,1.6345609065155808,0.20457425713539124,722,5.608040201005026e-05,721,6974.094093296,1773675120.4264643
0.1072,1.6390934844192635,0.2217271327972412,724,5.567839195979899e-05,723,6994.136802239,1773675140.4692912
0.1425,1.6436260623229462,0.23325806856155396,726,5.527638190954774e-05,725,7011.659048256,1773675157.9915318
0.0921,1.648158640226629,0.18874230980873108,728,5.487437185929648e-05,727,7030.901757381,1773675177.2341187
0.0951,1.6526912181303115,0.21954400837421417,730,5.4472361809045224e-05,729,7049.088870303,1773675195.4211166
0.1326,1.654957507082153,0.2592938542366028,731,5.4271356783919604e-05,730,7057.580644527,1773675203.9131198
0.0999,1.6594900849858356,0.19327563047409058,733,5.386934673366835e-05,732,7075.331512225,1773675221.663752
0.0959,1.661756373937677,0.19754454493522644,734,5.3668341708542716e-05,733,7085.08554198,1773675231.4178658
0.0978,1.6640226628895185,0.17819669842720032,735,5.346733668341709e-05,734,7094.70726223,1773675241.0396237
0.1531,1.6708215297450426,0.2107228934764862,738,5.28643216080402e-05,737,7125.610074136,1773675271.9423683
0.1116,1.675354107648725,0.15259595215320587,740,5.246231155778895e-05,739,7147.933506771,1773675294.2658713
0.0877,1.6912181303116147,0.19668911397457123,747,5.1055276381909544e-05,746,7212.289841152,1773675358.6221325
0.0919,1.6980169971671388,0.17825551331043243,750,5.045226130653266e-05,749,7241.253815045,1773675387.5862243
0.1488,1.7002832861189803,0.2100052386522293,751,5.0251256281407036e-05,750,7251.602374074,1773675397.934862
0.0974,1.7025495750708215,0.20384478569030762,752,5.005025125628141e-05,751,7261.600416713,1773675407.932828
0.1213,1.7093484419263456,0.26187077164649963,755,4.944723618090453e-05,754,7291.220190829,1773675437.5526812
0.104,1.7116147308781868,0.21406857669353485,756,4.92462311557789e-05,755,7299.929036672,1773675446.261533
0.0839,1.7161473087818697,0.21690601110458374,758,4.884422110552764e-05,757,7319.24193265,1773675465.574262
0.1196,1.7206798866855524,0.21757212281227112,760,4.844221105527638e-05,759,7337.024520254,1773675483.3569121
0.0641,1.7229461756373938,0.1571902632713318,761,4.824120603015075e-05,760,7345.618187088,1773675491.9506695
0.0847,1.7274787535410765,0.1911650449037552,763,4.78391959798995e-05,762,7366.269218259,1773675512.601706
0.1601,1.7342776203966006,0.2696390748023987,766,4.723618090452262e-05,765,7403.552678142,1773675549.8851368
0.1156,1.736543909348442,0.23946554958820343,767,4.703517587939698e-05,766,7421.098449331,1773675567.4309285
0.1782,1.7388101983002833,0.2556772530078888,768,4.6834170854271356e-05,767,7439.422159264,1773675585.7546184
0.1325,1.7433427762039662,0.21159684658050537,770,4.64321608040201e-05,769,7485.034046172,1773675631.3664246
0.1026,1.7478753541076486,0.1727830469608307,772,4.603015075376885e-05,771,7526.899837106,1773675673.2322886
0.1556,1.7524079320113315,0.27939844131469727,774,4.5628140703517594e-05,773,7562.300242923,1773675708.6327116
0.1241,1.7546742209631727,0.21172873675823212,775,4.542713567839196e-05,774,7581.24055466,1773675727.5730636
0.136,1.7569405099150142,0.20806005597114563,776,4.522613065326633e-05,775,7602.616400708,1773675748.948857
0.0968,1.7592067988668556,0.19085828959941864,777,4.5025125628140706e-05,776,7619.092195799,1773675765.424657
0.1017,1.7614730878186968,0.22027356922626495,778,4.482412060301508e-05,777,7634.232701061,1773675780.5651593
0.1018,1.768271954674221,0.19144219160079956,781,4.42211055276382e-05,780,7689.903073942,1773675836.2355278
0.0816,1.7864022662889518,0.176321879029274,789,4.261306532663317e-05,788,7844.03015661,1773675990.362617
0.1307,1.7886685552407933,0.2017146199941635,790,4.241206030150754e-05,789,7864.989443143,1773676011.321909
0.0772,1.793201133144476,0.16993172466754913,792,4.201005025125628e-05,791,7888.847207184,1773676035.1796606
0.1004,1.7954674220963174,0.21482157707214355,793,4.180904522613065e-05,792,7900.403360666,1773676046.7358565
0.1054,1.7977337110481586,0.2051776945590973,794,4.1608040201005026e-05,793,7909.478887851,1773676055.8113685
0.1056,1.806798866855524,0.1870761513710022,798,4.080402010050252e-05,797,7952.365613309,1773676098.69808
0.0928,1.813597733711048,0.19141776859760284,801,4.020100502512563e-05,800,7982.985776821,1773676129.3182547
0.0675,1.818130311614731,0.14783282577991486,803,3.9798994974874376e-05,802,8006.155351737,1773676152.4876657
0.0787,1.8203966005665722,0.16992978751659393,804,3.959798994974875e-05,803,8015.871952596,1773676162.2043192
0.1162,1.824929178470255,0.2152450978755951,806,3.919597989949749e-05,805,8035.237513865,1773676181.5700033
0.1128,1.8271954674220963,0.32043853402137756,807,3.899497487437186e-05,806,8044.547316393,1773676190.879804
0.0854,1.8294617563739377,0.20217055082321167,808,3.8793969849246234e-05,807,8054.286699013,1773676200.6191752
0.0717,1.8339943342776204,0.16308589279651642,810,3.8391959798994973e-05,809,8073.641989872,1773676219.9744773
0.0933,1.8362606232294616,0.2199356108903885,811,3.8190954773869346e-05,810,8082.153403005,1773676228.4858081
0.0842,1.8407932011331445,0.16279292106628418,813,3.778894472361809e-05,812,8101.770496492,1773676248.1028605
0.1115,1.8475920679886686,0.18584220111370087,816,3.7185929648241204e-05,815,8132.893400846,1773676279.225795
0.1383,1.8521246458923513,0.23148328065872192,818,3.678391959798995e-05,817,8152.742704633,1773676299.0751941
0.1124,1.8543909348441927,0.20963531732559204,819,3.658291457286432e-05,818,8161.64090754,1773676307.9732761
0.0915,1.856657223796034,0.1937769651412964,820,3.6381909547738696e-05,819,8173.651982161,1773676319.9844573
0.0999,1.8657223796033995,0.22808218002319336,824,3.557788944723618e-05,823,8210.296371341,1773676356.628873
0.1261,1.8725212464589234,0.2306816428899765,827,3.49748743718593e-05,826,8239.408459884,1773676385.7409477
0.1125,1.8770538243626063,0.2173401266336441,829,3.457286432160804e-05,828,8257.799661419,1773676404.1320524
0.1194,1.8793201133144475,0.19831553101539612,830,3.437185929648241e-05,829,8268.026398258,1773676414.3588798
0.0789,1.881586402266289,0.18803147971630096,831,3.4170854271356785e-05,830,8278.224369933,1773676424.556777
0.1032,1.8861189801699716,0.19655969738960266,833,3.3768844221105525e-05,832,8297.698994139,1773676444.0314069
0.1188,1.901983002832861,0.21651819348335266,840,3.2361809045226135e-05,839,8365.457324094,1773676511.7897296
0.1349,1.9042492917847027,0.2542356550693512,841,3.21608040201005e-05,840,8374.579512454,1773676520.911888
0.1336,1.906515580736544,0.2603679597377777,842,3.1959798994974875e-05,841,8383.591394446,1773676529.923661
0.1029,1.9155807365439093,0.19504158198833466,846,3.1155778894472366e-05,845,8424.813389663,1773676571.1458743
0.0596,1.9178470254957507,0.14378979802131653,847,3.095477386934674e-05,846,8434.399561427,1773676580.7319298
0.0945,1.9201133144475921,0.22910772264003754,848,3.075376884422111e-05,847,8442.708891217,1773676589.0413613
0.0685,1.9291784702549575,0.16376738250255585,852,2.994974874371859e-05,851,8486.100272155,1773676632.43265
0.0631,1.9337110481586404,0.14163640141487122,854,2.9547738693467337e-05,853,8505.592323531,1773676651.9247375
0.1628,1.945042492917847,0.30746209621429443,859,2.8542713567839198e-05,858,8554.056145609,1773676700.3885143
0.1015,1.951841359773371,0.2221282571554184,862,2.7939698492462314e-05,861,8579.591092153,1773676725.9234588
0.1504,1.956373937677054,0.23265017569065094,864,2.7537688442211056e-05,863,8601.898354406,1773676748.2308393
0.1185,1.9586402266288951,0.2148231565952301,865,2.733668341708543e-05,864,8612.786960887,1773676759.119463
0.0893,1.9609065155807366,0.2049178034067154,866,2.7135678391959802e-05,865,8621.429985325,1773676767.7623641
0.1228,1.9654390934844193,0.2508648633956909,868,2.6733668341708545e-05,867,8640.387561103,1773676786.7199798
0.0872,1.9677053824362605,0.19976367056369781,869,2.6532663316582917e-05,868,8650.905326912,1773676797.2378016
0.0799,1.9745042492917846,0.17627279460430145,872,2.5929648241206033e-05,871,8680.022277938,1773676826.3547716
0.1624,1.976770538243626,0.3040772080421448,873,2.5728643216080406e-05,872,8690.072031043,1773676836.4045396
0.0641,1.9858356940509916,0.15131022036075592,877,2.492462311557789e-05,876,8731.2650588,1773676877.597446
0.0659,1.9926345609065157,0.1503089815378189,880,2.4321608040201007e-05,879,8765.065629636,1773676911.3977656
0.0828,1.994900849858357,0.19205410778522491,881,2.4120603015075376e-05,880,8774.842909111,1773676921.175376
0.0895,1.9994334277620398,0.20697282254695892,883,2.3718592964824122e-05,882,8794.613312513,1773676940.9457777
0.0997,2.0090651558073653,0.2074849158525467,888,2.271356783919598e-05,887,8848.604254844,1773676994.9367146
0.0644,2.0203966005665723,0.15710829198360443,893,2.1708542713567838e-05,892,8894.977455356,1773677041.3099468
0.0849,2.0226628895184136,0.20981904864311218,894,2.150753768844221e-05,893,8903.33951808,1773677049.6718993
0.0797,2.0249291784702548,0.18373823165893555,895,2.1306532663316584e-05,894,8914.60102551,1773677060.9334042
0.0784,2.0271954674220964,0.19755521416664124,896,2.1105527638190957e-05,895,8923.332302398,1773677069.6646802
0.079,2.0294617563739377,0.21127134561538696,897,2.0904522613065327e-05,896,8932.005430133,1773677078.3376582
0.0581,2.031728045325779,0.1510915756225586,898,2.07035175879397e-05,897,8941.509591783,1773677087.8419726
0.0716,2.038526912181303,0.182298943400383,901,2.0100502512562815e-05,900,8970.892677704,1773677117.224946
0.0556,2.0407932011331447,0.1528359353542328,902,1.9899497487437188e-05,901,8980.963013627,1773677127.2954009
0.0637,2.043059490084986,0.1889805793762207,903,1.9698492462311558e-05,902,8991.787704373,1773677138.1201067
0.1384,2.0475920679886688,0.22450006008148193,905,1.92964824120603e-05,904,9010.371859188,1773677156.7041976
0.0928,2.056657223796034,0.20516018569469452,909,1.849246231155779e-05,908,9053.143169067,1773677199.4754937
0.0632,2.0589235127478753,0.1818975806236267,910,1.829145728643216e-05,909,9062.870328355,1773677209.202817
0.0684,2.0679886685552407,0.1808631420135498,914,1.748743718592965e-05,913,9101.754131542,1773677248.0866177
0.0755,2.0747875354107648,0.19901143014431,917,1.6884422110552762e-05,916,9130.066945559,1773677276.399139
0.0922,2.0770538243626064,0.2547462582588196,918,1.6683417085427135e-05,917,9138.12316869,1773677284.4555562
0.1481,2.0793201133144477,0.3028455078601837,919,1.6482412060301508e-05,918,9148.094930659,1773677294.427247
0.0991,2.08385269121813,0.23165814578533173,921,1.608040201005025e-05,920,9166.803071921,1773677313.1354651
0.0811,2.0861189801699718,0.17934474349021912,922,1.5879396984924624e-05,921,9176.18663615,1773677322.5191228
0.0903,2.088385269121813,0.22882604598999023,923,1.5678391959798997e-05,922,9185.880787624,1773677332.2131507
0.047,2.0974504249291783,0.166069895029068,927,1.4874371859296482e-05,926,9223.0527585,1773677369.3850746
0.0724,2.09971671388102,0.2152761071920395,928,1.4673366834170855e-05,927,9231.854317798,1773677378.1865902
0.0864,2.101983002832861,0.23001718521118164,929,1.4472361809045226e-05,928,9241.087890388,1773677387.4203606
0.065,2.106515580736544,0.2041143923997879,931,1.407035175879397e-05,930,9260.406518743,1773677406.7387388
0.1047,2.1087818696883853,0.20491677522659302,932,1.3869346733668343e-05,931,9271.101543293,1773677417.4337876
0.1303,2.1110481586402265,0.2601109743118286,933,1.3668341708542715e-05,932,9281.751701835,1773677428.083949
0.0981,2.1155807365439094,0.22471395134925842,935,1.3266331658291459e-05,934,9300.119425973,1773677446.451918
0.0682,2.120113314447592,0.21479614078998566,937,1.2864321608040203e-05,936,9320.542046129,1773677466.8742895
0.0908,2.1246458923512748,0.26029106974601746,939,1.2462311557788946e-05,938,9338.324598514,1773677484.6568043
0.0742,2.126912181303116,0.1889067441225052,940,1.2261306532663318e-05,939,9348.302215074,1773677494.6346972
0.1591,2.1291784702549577,0.24666206538677216,941,1.2060301507537688e-05,940,9357.844477039,1773677504.1767976
0.0978,2.131444759206799,0.2008468359708786,942,1.1859296482412061e-05,941,9367.976540024,1773677514.309016
0.1232,2.13371104815864,0.2922127842903137,943,1.1658291457286432e-05,942,9377.359157627,1773677523.6916375
0.0804,2.138243626062323,0.20486240088939667,945,1.1256281407035177e-05,944,9396.890614165,1773677543.2230008
0.0882,2.1427762039660054,0.22940844297409058,947,1.0854271356783919e-05,946,9414.130233119,1773677560.4626148
0.0753,2.1473087818696883,0.1869702786207199,949,1.0452261306532663e-05,948,9436.621543621,1773677582.9539337
0.0825,2.1495750708215295,0.24078330397605896,950,1.0251256281407036e-05,949,9445.762469489,1773677592.0948439
0.0845,2.1654390934844194,0.2170300930738449,957,8.844221105527639e-06,956,9510.186345424,1773677656.5188353
0.0613,2.1722379603399435,0.18189869821071625,960,8.241206030150754e-06,959,9537.712194333,1773677684.0446904
0.086,2.1790368271954677,0.21271967887878418,963,7.63819095477387e-06,962,9565.519208338,1773677711.8516989
0.105,2.18356940509915,0.2515190839767456,965,7.236180904522613e-06,964,9583.335803273,1773677729.6680381
0.0643,2.1858356940509913,0.19189268350601196,966,7.035175879396985e-06,965,9593.543211517,1773677739.875692
0.0486,2.188101983002833,0.1644240915775299,967,6.834170854271357e-06,966,9602.636021263,1773677748.9685056
0.0853,2.1926345609065154,0.23042911291122437,969,6.4321608040201015e-06,968,9622.372683512,1773677768.7050757
0.0815,2.2062322946175636,0.21742376685142517,975,5.226130653266332e-06,974,9685.647797628,1773677831.9800773
0.0918,2.208498583569405,0.2429693639278412,976,5.025125628140704e-06,975,9693.973287939,1773677840.3057775
0.0647,2.2107648725212465,0.19707250595092773,977,4.824120603015075e-06,976,9702.845244143,1773677849.1775417
0.0861,2.2130311614730878,0.21942877769470215,978,4.623115577889447e-06,977,9712.70211667,1773677859.0344973
0.0975,2.215297450424929,0.21699857711791992,979,4.422110552763819e-06,978,9723.20175682,1773677869.5340688
0.0583,2.2175637393767706,0.1586979627609253,980,4.2211055276381906e-06,979,9734.169906535,1773677880.5023699
0.0697,2.219830028328612,0.1894122213125229,981,4.020100502512563e-06,980,9744.180552686,1773677890.512907
0.0654,2.222096317280453,0.18758665025234222,982,3.819095477386935e-06,981,9753.824378553,1773677900.1567614
0.0737,2.226628895184136,0.2071043699979782,984,3.4170854271356786e-06,983,9771.91248496,1773677918.2448673
0.0895,2.228895184135977,0.2211095690727234,985,3.2160804020100507e-06,984,9782.245109305,1773677928.5775962
0.0804,2.231161473087819,0.2460656315088272,986,3.015075376884422e-06,985,9791.718926102,1773677938.051414
0.1618,2.23342776203966,0.26280051469802856,987,2.814070351758794e-06,986,9801.478490873,1773677947.8109758
0.0961,2.240226628895184,0.2247966229915619,990,2.2110552763819096e-06,989,9831.957188479,1773677978.2896693
0.0621,2.2424929178470254,0.18017283082008362,991,2.0100502512562813e-06,990,9843.44165685,1773677989.7740448
0.0695,2.2470254957507083,0.21991682052612305,993,1.6080402010050254e-06,992,9862.60649704,1773678008.9389732
0.0817,2.2515580736543908,0.23960942029953003,995,1.2060301507537688e-06,994,9881.503663517,1773678027.8360193
0.0956,2.2538243626062324,0.2181507647037506,996,1.0050251256281407e-06,995,9892.557080426,1773678038.889457
0.0746,2.2560906515580736,0.23090413212776184,997,8.040201005025127e-07,996,9901.399727549,1773678047.732224
0.0853,2.258356940509915,0.23795776069164276,998,6.030150753768844e-07,997,9910.423592419,1773678056.7558587
0.0805,2.2606232294617565,0.2719157338142395,999,4.0201005025125634e-07,998,9919.438640029,1773678065.7709038
,2.2628895184135978,,1000,,1000,9931.538358233,1773678077.8708842
